source,title,originalUrl,originalPublishedAt,suggestedDomain,suggestedFormat,status,reason
CSDN,博客快速通道,https://blog.csdn.net/BjarneCpp/article/details/79299722,2021-01-10,technology,article,needs-manual-review,公开列表可确认元数据，正文原创性与图片授权需人工复核
CSDN,更改linux默认启动内核版本，修改 GRUB 设置,https://blog.csdn.net/BjarneCpp/article/details/135927464,2024-01-30,technology,guide,needs-manual-review,公开列表可确认元数据，正文原创性与图片授权需人工复核
CSDN,在Windows 10的PowerShell上实现对Linux机器，vscode同样可登录,https://blog.csdn.net/BjarneCpp/article/details/135644189,2024-01-17,technology,guide,needs-manual-review,公开列表可确认元数据，正文原创性与图片授权需人工复核
CSDN,右键菜单“以notepad++打开”，在windows文件管理器中,https://blog.csdn.net/BjarneCpp/article/details/135264493,2023-12-28,technology,article,needs-manual-review,公开列表可确认元数据，正文原创性与图片授权需人工复核
CSDN,【收藏】常用软件下载,https://blog.csdn.net/BjarneCpp/article/details/133352479,2023-09-27,technology,article,skipped-copyright,平台类型或标题显示为转载、资源或下载内容，不迁正文
CSDN,windows bat脚本，使用命令行增加/删除防火墙：入站-出站，规则,https://blog.csdn.net/BjarneCpp/article/details/132343372,2023-08-17,technology,guide,needs-manual-review,公开列表可确认元数据，正文原创性与图片授权需人工复核
CSDN,mobaxterm显示“-＞“指针、“＞=“大于等于、“!=“不等于等这种符号会自动替换符号，如何关闭?,https://blog.csdn.net/BjarneCpp/article/details/131869928,2023-07-22,technology,guide,needs-manual-review,公开列表可确认元数据，正文原创性与图片授权需人工复核
CSDN,如何使用 SSH 远程控制一台 Windows 服务器,https://blog.csdn.net/BjarneCpp/article/details/131772243,2023-07-17,technology,guide,needs-manual-review,公开列表可确认元数据，正文原创性与图片授权需人工复核
CSDN,【一文搞定】vscode--ssh remote多级跳转，连接到目标主机，免密登录、默认选平台,https://blog.csdn.net/BjarneCpp/article/details/131765767,2023-07-17,technology,guide,needs-manual-review,公开列表可确认元数据，正文原创性与图片授权需人工复核
CSDN,"【最新】编译 pciutils （lspci, setpci）在 Windows x86 平台，Compile pciutils (lspci, setpci) in Windows x86",https://blog.csdn.net/BjarneCpp/article/details/131654661,2023-07-11,technology,guide,needs-manual-review,公开列表可确认元数据，正文原创性与图片授权需人工复核
CSDN,MingW-W64-builds那么多版本，他们的区别是什么呢？,https://blog.csdn.net/BjarneCpp/article/details/131614026,2023-07-08,technology,article,needs-manual-review,公开列表可确认元数据，正文原创性与图片授权需人工复核
CSDN,bash脚本if语句比较为什么要用x,https://blog.csdn.net/BjarneCpp/article/details/131201171,2023-06-14,technology,article,needs-manual-review,公开列表可确认元数据，正文原创性与图片授权需人工复核
CSDN,使用Fontcreator字体制作软件及字体设计学习,https://blog.csdn.net/BjarneCpp/article/details/126292598,2022-08-12,technology,guide,needs-manual-review,公开列表可确认元数据，正文原创性与图片授权需人工复核
CSDN,word批量设置图片大小和对齐，使用宏定义,https://blog.csdn.net/BjarneCpp/article/details/124772197,2022-05-14,technology,guide,needs-manual-review,公开列表可确认元数据，正文原创性与图片授权需人工复核
CSDN,git速查,https://blog.csdn.net/BjarneCpp/article/details/123702724,2022-03-24,technology,reference,needs-manual-review,公开列表可确认元数据，正文原创性与图片授权需人工复核
CSDN,老男孩读PCIe介绍系列,https://blog.csdn.net/BjarneCpp/article/details/112433384,2021-01-10,technology,article,skipped-copyright,平台类型或标题显示为转载、资源或下载内容，不迁正文
CSDN,vscode常用快捷键，配置、问题,https://blog.csdn.net/BjarneCpp/article/details/112389598,2021-01-09,technology,guide,needs-manual-review,公开列表可确认元数据，正文原创性与图片授权需人工复核
CSDN,C 语言入门,https://blog.csdn.net/BjarneCpp/article/details/112018738,2020-12-31,technology,article,needs-manual-review,公开列表可确认元数据，正文原创性与图片授权需人工复核
CSDN,Linux速查（自用）,https://blog.csdn.net/BjarneCpp/article/details/111995075,2020-12-30,technology,reference,needs-manual-review,公开列表可确认元数据，正文原创性与图片授权需人工复核
CSDN,vscode插件(扩展)Monokai pro提示需要li**se解决办法,https://blog.csdn.net/BjarneCpp/article/details/111565063,2020-12-22,technology,article,needs-manual-review,公开列表可确认元数据，正文原创性与图片授权需人工复核
CSDN,git使用问题总结,https://blog.csdn.net/BjarneCpp/article/details/111276877,2020-12-16,technology,guide,needs-manual-review,公开列表可确认元数据，正文原创性与图片授权需人工复核
CSDN,Xshell超250+配色方案(主题)  及其推荐,https://blog.csdn.net/BjarneCpp/article/details/111213072,2020-12-15,technology,article,needs-manual-review,公开列表可确认元数据，正文原创性与图片授权需人工复核
CSDN,vim速查图(可能是全网最高清中文版本)-适合打印,https://blog.csdn.net/BjarneCpp/article/details/110923086,2020-12-09,technology,reference,needs-manual-review,公开列表可确认元数据，正文原创性与图片授权需人工复核
CSDN,Source Insight 中文注释为乱码解决办法（完美解决，一键搞定）,https://blog.csdn.net/BjarneCpp/article/details/70174752,2020-04-07,technology,article,needs-manual-review,公开列表可确认元数据，正文原创性与图片授权需人工复核
CSDN,用Graphviz画图流程图得,https://blog.csdn.net/BjarneCpp/article/details/104006945,2020-01-17,technology,article,needs-manual-review,公开列表可确认元数据，正文原创性与图片授权需人工复核
CSDN,编程官方、标准、草稿文档汇总参考,https://blog.csdn.net/BjarneCpp/article/details/103817551,2020-01-03,technology,reference,needs-manual-review,公开列表可确认元数据，正文原创性与图片授权需人工复核
CSDN,diff命令--输出格式解读,https://blog.csdn.net/BjarneCpp/article/details/103610792,2019-12-19,technology,article,needs-manual-review,公开列表可确认元数据，正文原创性与图片授权需人工复核
CSDN,（最新）cpu天梯图 (CPU)- Processor Benchmarks,https://blog.csdn.net/BjarneCpp/article/details/103578526,2019-12-17,technology,article,needs-manual-review,公开列表可确认元数据，正文原创性与图片授权需人工复核
CSDN,"Linux根目录/空间不足,du未发现大文件解决办法",https://blog.csdn.net/BjarneCpp/article/details/103427131,2019-12-06,technology,reference,needs-manual-review,公开列表可确认元数据，正文原创性与图片授权需人工复核
CSDN,文件夹重命名(或移动)却找不到指定该文件类型咋办？,https://blog.csdn.net/BjarneCpp/article/details/102060206,2019-10-04,technology,article,needs-manual-review,公开列表可确认元数据，正文原创性与图片授权需人工复核
CSDN,傅里叶变换解析-来龙去脉全解析,https://blog.csdn.net/BjarneCpp/article/details/101906299,2019-10-02,technology,article,needs-manual-review,公开列表可确认元数据，正文原创性与图片授权需人工复核
CSDN,windows软件窗口或者对话框太大超出屏幕解决办法,https://blog.csdn.net/BjarneCpp/article/details/100017439,2019-08-22,technology,article,needs-manual-review,公开列表可确认元数据，正文原创性与图片授权需人工复核
CSDN,Chrome 快捷键,https://blog.csdn.net/BjarneCpp/article/details/99413084,2019-08-13,technology,article,needs-manual-review,公开列表可确认元数据，正文原创性与图片授权需人工复核
CSDN,让ubuntu18.04开机进入命令行模式或还原,https://blog.csdn.net/BjarneCpp/article/details/96897234,2019-07-22,technology,article,needs-manual-review,公开列表可确认元数据，正文原创性与图片授权需人工复核
CSDN,Linux -systemd管理中的时间同步,https://blog.csdn.net/BjarneCpp/article/details/95951179,2019-07-15,technology,article,needs-manual-review,公开列表可确认元数据，正文原创性与图片授权需人工复核
CSDN,VMware-tools安装以及找不到共享文件夹的解决办法,https://blog.csdn.net/BjarneCpp/article/details/95899425,2019-07-14,technology,guide,needs-manual-review,公开列表可确认元数据，正文原创性与图片授权需人工复核
CSDN,Manjaro-architect 安装指南,https://blog.csdn.net/BjarneCpp/article/details/95861978,2019-07-14,technology,guide,needs-manual-review,公开列表可确认元数据，正文原创性与图片授权需人工复核
CSDN,"双击html或cmd文件后, 自动打开网站的方法",https://blog.csdn.net/BjarneCpp/article/details/93479694,2019-06-24,technology,article,needs-manual-review,公开列表可确认元数据，正文原创性与图片授权需人工复核
CSDN,openssl工具使用,https://blog.csdn.net/BjarneCpp/article/details/92727072,2019-06-17,technology,guide,needs-manual-review,公开列表可确认元数据，正文原创性与图片授权需人工复核
CSDN,bash 和 tcsh(csh)的不同，带例子,https://blog.csdn.net/BjarneCpp/article/details/85335776,2018-12-29,technology,article,needs-manual-review,公开列表可确认元数据，正文原创性与图片授权需人工复核
CSDN,Makefile学习笔记,https://blog.csdn.net/BjarneCpp/article/details/83584235,2018-10-31,technology,article,needs-manual-review,公开列表可确认元数据，正文原创性与图片授权需人工复核
CSDN,Eclipse中快捷键组合,https://blog.csdn.net/BjarneCpp/article/details/83583205,2018-10-31,technology,article,needs-manual-review,公开列表可确认元数据，正文原创性与图片授权需人工复核
CSDN,查看大文件的方法总结,https://blog.csdn.net/BjarneCpp/article/details/83444737,2018-10-27,technology,article,needs-manual-review,公开列表可确认元数据，正文原创性与图片授权需人工复核
CSDN,如何学习R语言,https://blog.csdn.net/BjarneCpp/article/details/83058616,2018-10-15,technology,guide,needs-manual-review,公开列表可确认元数据，正文原创性与图片授权需人工复核
CSDN,电脑中文档整理的原则,https://blog.csdn.net/BjarneCpp/article/details/82925920,2018-10-02,technology,article,needs-manual-review,公开列表可确认元数据，正文原创性与图片授权需人工复核
CSDN,学习如何学习,https://blog.csdn.net/BjarneCpp/article/details/82821905,2018-09-23,technology,guide,needs-manual-review,公开列表可确认元数据，正文原创性与图片授权需人工复核
CSDN,编写Vim脚本,https://blog.csdn.net/BjarneCpp/article/details/81871136,2018-08-20,technology,article,needs-manual-review,公开列表可确认元数据，正文原创性与图片授权需人工复核
CSDN,在Windows上安装xshell，并ssh虚拟机Ubuntu,https://blog.csdn.net/BjarneCpp/article/details/81482928,2018-08-07,technology,guide,needs-manual-review,公开列表可确认元数据，正文原创性与图片授权需人工复核
CSDN,C语言-数组、字符指针数组函数接口与使用,https://blog.csdn.net/BjarneCpp/article/details/81358776,2018-08-02,technology,guide,needs-manual-review,公开列表可确认元数据，正文原创性与图片授权需人工复核
CSDN,Linux- find命令的例子,https://blog.csdn.net/BjarneCpp/article/details/81126859,2018-07-20,technology,article,skipped-copyright,平台类型或标题显示为转载、资源或下载内容，不迁正文
CSDN,PCI Express (PCIe)  介绍,https://blog.csdn.net/BjarneCpp/article/details/81096619,2018-07-18,technology,article,needs-manual-review,公开列表可确认元数据，正文原创性与图片授权需人工复核
CSDN,VBScript - SendKeys 方法,https://blog.csdn.net/BjarneCpp/article/details/81000634,2018-07-11,technology,article,needs-manual-review,公开列表可确认元数据，正文原创性与图片授权需人工复核
CSDN,嵌入式系统开发-学习路线,https://blog.csdn.net/BjarneCpp/article/details/80782376,2018-06-23,technology,article,needs-manual-review,公开列表可确认元数据，正文原创性与图片授权需人工复核
CSDN,Linux-进程,https://blog.csdn.net/BjarneCpp/article/details/80770839,2018-06-22,technology,article,needs-manual-review,公开列表可确认元数据，正文原创性与图片授权需人工复核
CSDN,vim常用插件快捷键、功能,https://blog.csdn.net/BjarneCpp/article/details/80608706,2018-06-07,technology,article,needs-manual-review,公开列表可确认元数据，正文原创性与图片授权需人工复核
CSDN,PCIe资料分享-快速入门,https://blog.csdn.net/BjarneCpp/article/details/80370986,2018-05-19,technology,article,needs-manual-review,公开列表可确认元数据，正文原创性与图片授权需人工复核
CSDN,C语言-static、extern,https://blog.csdn.net/BjarneCpp/article/details/80217065,2018-05-06,technology,article,skipped-copyright,平台类型或标题显示为转载、资源或下载内容，不迁正文
CSDN,windows CMD命令大全,https://blog.csdn.net/BjarneCpp/article/details/80047980,2018-04-23,technology,article,skipped-copyright,平台类型或标题显示为转载、资源或下载内容，不迁正文
CSDN,文件权限中 chmod、u+x、u、r、w、x分别代表什么,https://blog.csdn.net/BjarneCpp/article/details/79912495,2018-04-12,technology,article,needs-manual-review,公开列表可确认元数据，正文原创性与图片授权需人工复核
CSDN,SSH 免密登录,https://blog.csdn.net/BjarneCpp/article/details/79851904,2018-04-08,technology,guide,needs-manual-review,公开列表可确认元数据，正文原创性与图片授权需人工复核
CSDN,Linux入门指导,https://blog.csdn.net/BjarneCpp/article/details/79830275,2018-04-05,technology,article,needs-manual-review,公开列表可确认元数据，正文原创性与图片授权需人工复核
CSDN,python-数学计算,https://blog.csdn.net/BjarneCpp/article/details/79624177,2018-03-20,technology,article,needs-manual-review,公开列表可确认元数据，正文原创性与图片授权需人工复核
CSDN,处理器-硬件-术语表,https://blog.csdn.net/BjarneCpp/article/details/79592690,2018-03-17,technology,article,skipped-copyright,平台类型或标题显示为转载、资源或下载内容，不迁正文
CSDN,新员工之间的差距,https://blog.csdn.net/BjarneCpp/article/details/79507643,2018-03-10,technology,article,needs-manual-review,公开列表可确认元数据，正文原创性与图片授权需人工复核
CSDN,寄存器、RAM、ROM、CACHE、Flash相关概念区别整理,https://blog.csdn.net/BjarneCpp/article/details/79495336,2018-03-09,technology,article,skipped-copyright,平台类型或标题显示为转载、资源或下载内容，不迁正文
CSDN,如何在各种编程语言中生成安全的随机数？,https://blog.csdn.net/BjarneCpp/article/details/79228383,2018-02-01,technology,guide,skipped-copyright,平台类型或标题显示为转载、资源或下载内容，不迁正文
CSDN,大端序和小端序,https://blog.csdn.net/BjarneCpp/article/details/79193660,2018-01-29,technology,article,skipped-copyright,平台类型或标题显示为转载、资源或下载内容，不迁正文
CSDN,正则表达式-笔记,https://blog.csdn.net/BjarneCpp/article/details/79107873,2018-01-19,technology,article,needs-manual-review,公开列表可确认元数据，正文原创性与图片授权需人工复核
CSDN,密码学-学习资料和网站,https://blog.csdn.net/BjarneCpp/article/details/79012425,2018-01-09,technology,article,needs-manual-review,公开列表可确认元数据，正文原创性与图片授权需人工复核
CSDN,小工具,https://blog.csdn.net/BjarneCpp/article/details/78825620,2017-12-17,technology,article,needs-manual-review,公开列表可确认元数据，正文原创性与图片授权需人工复核
CSDN,Python学习资料篇,https://blog.csdn.net/BjarneCpp/article/details/78702210,2017-12-03,technology,article,needs-manual-review,公开列表可确认元数据，正文原创性与图片授权需人工复核
CSDN,初装linux和Mac的一些配置,https://blog.csdn.net/BjarneCpp/article/details/78679891,2017-11-30,technology,guide,needs-manual-review,公开列表可确认元数据，正文原创性与图片授权需人工复核
CSDN,如何像 NASA 顶级程序员一样编程 —— 10 条重要原则,https://blog.csdn.net/BjarneCpp/article/details/78641464,2017-11-27,technology,guide,skipped-copyright,平台类型或标题显示为转载、资源或下载内容，不迁正文
CSDN,C语言-书籍资料汇总,https://blog.csdn.net/BjarneCpp/article/details/78461849,2017-11-06,technology,reference,skipped-copyright,平台类型或标题显示为转载、资源或下载内容，不迁正文
CSDN,史上最强的Vim 配置文件（原版+中文改进版）,https://blog.csdn.net/BjarneCpp/article/details/77744513,2017-08-31,technology,guide,skipped-copyright,平台类型或标题显示为转载、资源或下载内容，不迁正文
CSDN,加密算法基础- Montgomery(蒙哥马利)乘法介绍,https://blog.csdn.net/BjarneCpp/article/details/77644958,2017-08-28,technology,article,needs-manual-review,公开列表可确认元数据，正文原创性与图片授权需人工复核
CSDN,嵌入到博客中的小动画,https://blog.csdn.net/BjarneCpp/article/details/77474347,2017-08-22,technology,article,needs-manual-review,公开列表可确认元数据，正文原创性与图片授权需人工复核
CSDN,算法-大数乘法（16进制）（C语言实现）,https://blog.csdn.net/BjarneCpp/article/details/77435847,2017-08-20,technology,article,needs-manual-review,公开列表可确认元数据，正文原创性与图片授权需人工复核
CSDN,markdow-文档中图片居中,https://blog.csdn.net/BjarneCpp/article/details/77161857,2017-08-14,technology,article,needs-manual-review,公开列表可确认元数据，正文原创性与图片授权需人工复核
CSDN,C语言-结构体中的冒号：位字段,https://blog.csdn.net/BjarneCpp/article/details/77131567,2017-08-12,technology,article,skipped-copyright,平台类型或标题显示为转载、资源或下载内容，不迁正文
CSDN,文章-编程需要知道多少数学知识？,https://blog.csdn.net/BjarneCpp/article/details/77131393,2017-08-12,technology,article,skipped-copyright,平台类型或标题显示为转载、资源或下载内容，不迁正文
CSDN,文章-智力与常识有什么区别？,https://blog.csdn.net/BjarneCpp/article/details/77104066,2017-08-11,technology,article,skipped-copyright,平台类型或标题显示为转载、资源或下载内容，不迁正文
CSDN,文章-自学的程序员如何找到好工作？,https://blog.csdn.net/BjarneCpp/article/details/77103438,2017-08-11,technology,guide,skipped-copyright,平台类型或标题显示为转载、资源或下载内容，不迁正文
CSDN,最简单的vim或gvim学习入门教程,https://blog.csdn.net/BjarneCpp/article/details/76986390,2017-08-09,technology,article,needs-manual-review,公开列表可确认元数据，正文原创性与图片授权需人工复核
CSDN,vim设置及其命令,https://blog.csdn.net/BjarneCpp/article/details/76571510,2017-08-02,technology,guide,skipped-copyright,平台类型或标题显示为转载、资源或下载内容，不迁正文
CSDN,Linux 中C/C++ search path（头文件搜索路径）,https://blog.csdn.net/BjarneCpp/article/details/76135980,2017-07-26,technology,article,needs-manual-review,公开列表可确认元数据，正文原创性与图片授权需人工复核
CSDN,c++ 内联函数（一看就懂）,https://blog.csdn.net/BjarneCpp/article/details/76044493,2017-07-25,technology,article,skipped-copyright,平台类型或标题显示为转载、资源或下载内容，不迁正文
CSDN,C++命名空间通俗讲解,https://blog.csdn.net/BjarneCpp/article/details/76014413,2017-07-24,technology,article,needs-manual-review,公开列表可确认元数据，正文原创性与图片授权需人工复核
CSDN,【官方解说】Visual Studio 2017（VS 2017）各个版本有什么区别,https://blog.csdn.net/BjarneCpp/article/details/72877862,2017-06-06,technology,article,needs-manual-review,公开列表可确认元数据，正文原创性与图片授权需人工复核
CSDN,在 Word 中撰写并发布到博客的帮助,https://blog.csdn.net/BjarneCpp/article/details/70185890,2017-04-15,technology,article,needs-manual-review,公开列表可确认元数据，正文原创性与图片授权需人工复核
Zhihu,知乎个人内容页,https://www.zhihu.com/people/wikiye/posts,,life,answer,needs-manual-review,页面访问受限，无法可靠枚举标题、日期和正文，需站长逐条选择
